1,Cami,Buist,9913-1991-30828,+50494297934,05 Sycamore Point
2,Mamie,Pappin,1942-1958-52345,+50492509893,09 Del Sol Street
3,Ertha,Beccero,4397-1925-85254,+50499034506,1172 Hanson Terrace
4,Micki,Brookes,6824-1989-64758,+50498961970,06 Sundown Parkway
5,Cecil,Goligly,4001-2001-96060,+50497211419,4259 8th Park
6,Berk,Dieton,4928-1974-91072,+50499707624,1855 Colorado Avenue
7,Idalina,Greenwood,6426-1979-89520,+50492215452,58535 Buhler Junction
8,Saleem,Rizzetti,6377-1930-88890,+50498249616,9579 Glacier Hill Junction
9,Mamie,Elijah,2659-1936-45170,+50496970393,31100 Dexter Center
10,Midge,Halpine,1767-1930-28656,+50498111677,24 Luster Plaza
11,Jonie,Pirie,9106-1930-61611,+50492533915,807 Scofield Alley
12,Mohammed,Eilhertsen,3385-1959-24228,+50493106617,7 Colorado Pass
13,Kimble,Clausson,6518-2003-37358,+50493338160,22 Manitowish Terrace
14,Shawnee,Mc Caughan,3563-1988-20571,+50496073446,56418 Steensland Center
15,Brockie,Baudacci,1309-1933-18815,+50494718187,924 Shoshone Center
16,Jacqui,Follows,2537-1984-27564,+50499764145,89141 Truax Junction
17,Shannah,Arckoll,2997-1946-36033,+50490108432,997 Pond Circle
18,Carmelia,Ramsbotham,1876-1948-92532,+50490117249,321 Springview Pass
19,Mufinella,Baythrop,3557-1979-89263,+50495670335,1598 Tennyson Circle
20,Sauncho,Oulet,8099-1945-32424,+50493726003,122 Dunning Pass
21,Ermentrude,Tadd,3594-1942-26341,+50490765709,3268 Jana Way
22,Francine,Flaunders,2902-1966-77512,+50492565403,16556 School Terrace
23,Janette,Kingsnod,4161-1922-86132,+50495087712,864 Dennis Lane
24,Ethelin,Catterill,4088-1991-68867,+50497004834,02450 Garrison Court
25,Lynnet,Heiner,6108-1997-32593,+50491641368,25513 Pawling Park
26,Imogene,Itzkin,3832-1953-99236,+50492902734,0959 Graedel Center
27,Vilma,Bwye,8547-1946-99010,+50497870176,59 Ramsey Circle
28,Harriet,Blooman,8036-1950-29040,+50497817765,1956 Westridge Point
29,Allegra,Kubat,8647-1963-71682,+50499944232,01 Claremont Drive
30,Joyous,Tulk,3839-1991-45790,+50499786841,05 Maryland Alley
31,Hyacinthe,Bickmore,4785-2000-41802,+50499888081,66137 Sutteridge Trail
32,Drucill,Foulser,6965-1993-19841,+50493432612,2349 Kim Place
33,Fawn,Bartalin,2500-1984-74879,+50497597574,904 Fisk Park
34,Edik,Rahlof,7908-1983-78263,+50494625852,8 Pleasure Drive
35,Nat,Sherer,5189-1924-24386,+50495089483,57039 Declaration Court
36,Theodore,Aubray,2591-1964-42677,+50490483330,63 Annamark Trail
37,Julianna,Gobel,9330-1988-50170,+50496654333,614 Sloan Park
38,Rustin,Sudy,5338-2003-54325,+50499667991,435 Anzinger Hill
39,Jacky,Horsewood,8452-1975-87474,+50498584550,6 Rockefeller Trail
40,Roxine,Greve,5325-1950-60548,+50495456132,9 Park Meadow Center
41,Vinny,Knoles,1755-1954-45525,+50494082818,71565 John Wall Lane
42,Dominik,Vanni,3893-1973-47290,+50490755444,6889 Sherman Place
43,Ambur,Shoulder,8255-1945-75798,+50493498951,4 Vernon Street
44,Merrily,Beevor,3829-1988-63642,+50494149930,21409 Magdeline Circle
45,Fallon,Moger,9618-1962-82470,+50490193566,427 Vera Way
46,Elnar,Hassur,9698-2000-52624,+50491066816,2702 West Road
47,Ted,Joscelyne,9696-1943-51173,+50498358587,7 Golf View Street
48,Roby,Maddicks,6411-1992-21874,+50496626843,3150 Buell Way
49,Halette,Pusill,8055-2003-76044,+50495746045,06861 Larry Hill
50,Rosetta,McReynolds,6812-1971-56412,+50492015275,442 Hazelcrest Junction
51,Marcellina,Avramow,7612-1939-48546,+50496346590,6 Cordelia Point
52,Bartholomeus,Brockie,9455-1996-30094,+50498320616,407 Dawn Plaza
53,Guillermo,Witherbed,7884-1977-21749,+50491213216,54151 Crowley Hill
54,Giulietta,Pallent,7018-1985-86401,+50494144938,825 Corry Parkway
55,Lisa,Stalley,2591-1938-27974,+50499178380,42 Carberry Hill
56,Lori,Roggerone,9549-1986-84896,+50494174612,14667 Autumn Leaf Hill
57,Lona,Shee,4283-1944-49222,+50495374182,6028 Arkansas Park
58,Averyl,Cordery,8785-1970-67254,+50495555484,40 Tony Crossing
59,Lem,Synder,2081-1921-22926,+50495674163,897 Bayside Crossing
60,Freddy,Helin,5954-2004-66103,+50498693790,18225 Petterle Circle
61,Rochester,Mowle,3443-1974-60255,+50491851859,746 Fremont Trail
62,Casey,Tandey,5206-1971-77313,+50496039021,523 Clyde Gallagher Avenue
63,Gabriel,Varden,9401-1988-49708,+50496681813,7552 Jenifer Lane
64,Oralie,Still,2289-1950-50271,+50496097736,6840 Warrior Parkway
65,Carolyne,Fleote,4347-1970-59017,+50495420034,230 Miller Center
66,Dan,Sahnow,3645-1927-45781,+50495772916,70827 Muir Avenue
67,Fields,Rouff,6030-1986-37835,+50492625223,34 Hooker Court
68,Eldin,Spurdle,9885-1955-70438,+50493573933,9177 Springs Circle
69,Spense,O'Dowling,1724-1929-41201,+50494846829,78639 Donald Alley
70,Clarke,Ioselevich,6759-1973-55699,+50493797856,770 Sachtjen Hill
71,Letti,Doret,1596-1933-70349,+50491751681,09987 Susan Court
72,Durand,Elwood,7983-1961-41925,+50492096579,2 Doe Crossing Court
73,Fanny,Viant,8739-1924-40720,+50497957542,2 Eagle Crest Road
74,Moss,Botte,4364-1987-88099,+50498000184,66 Burrows Parkway
75,Jule,Kidsley,5073-1966-54823,+50499174786,39 Pleasure Center
76,Abraham,Carrack,9709-1942-32512,+50491037514,63 Erie Terrace
77,Abey,Keynes,8139-1969-47774,+50493479841,7875 Bonner Way
78,Fancy,Fenny,9512-1928-68838,+50492232173,38 Fallview Park
79,Tully,Redpath,9118-2001-57831,+50499968934,4697 Paget Plaza
80,Vaughn,Brooking,6223-1979-24978,+50498940112,047 Saint Paul Drive
81,Nataniel,Lathbury,8895-1940-83800,+50490549099,1848 Pawling Street
82,Gustie,Worsam,3457-1944-26989,+50493514907,1376 Blaine Court
83,Brittani,Oughtright,2356-1976-63737,+50495353081,16340 Springview Crossing
84,Zachery,Lyddiatt,3230-1976-69305,+50494838441,76 Harbort Park
85,Emmalyn,Manketell,7794-1976-63755,+50491188323,2 Victoria Avenue
86,Merill,Thunder,1638-2002-98794,+50494159236,5 Lakewood Gardens Trail
87,Cully,Stanning,2545-1940-53045,+50497643621,35003 Redwing Center
88,Annis,Ebbetts,8308-1969-25877,+50493150372,9 Thierer Circle
89,Marge,Writtle,6617-1945-20055,+50494265791,8 School Place
90,Bathsheba,McCullagh,5151-1946-36833,+50499795035,19847 Veith Lane
91,Shea,Truckett,8038-1999-35531,+50496796127,4824 Waubesa Park
92,Audra,Mellonby,5852-2000-41640,+50495305070,6788 Waubesa Drive
93,Giles,Fancourt,7404-1994-83956,+50494255508,1 Bunker Hill Trail
94,Alisander,Mallindine,1006-1996-49912,+50490895864,845 Katie Alley
95,Elly,Balser,1085-1921-28347,+50490541412,98 5th Place
96,Kary,Bromell,7810-1938-96089,+50496772166,8644 Meadow Ridge Hill
97,Veronique,Mace,9172-1942-72130,+50490634329,48 Carberry Crossing
98,Stefania,Bourton,5237-1937-54752,+50490614027,99 Bunting Hill
99,Helen-elizabeth,Lautie,6470-1995-40672,+50490580394,006 Sunfield Street
100,Vince,Rapin,5048-1954-61768,+50498828579,420 Caliangt Alley
101,Jocelin,Pitceathly,7944-1966-89882,+50499182615,6 Jay Alley
102,Kaitlynn,Hallbird,3240-1986-77745,+50491239845,18 Kensington Hill
103,Leonore,Milverton,3385-1998-30003,+50492362683,58799 Cardinal Road
104,Katya,Manser,6306-1984-64803,+50498731953,3 Dayton Avenue
105,Moina,Dunsmuir,9688-1943-48475,+50494880593,39400 Towne Street
106,Esmaria,Grabb,7956-1992-63167,+50495148928,89 Mandrake Drive
107,Poul,Speechly,2908-1995-96144,+50495905587,7 Gerald Terrace
108,Irwin,Aucott,6041-1942-14298,+50499874272,01643 Eastlawn Place
109,Euphemia,Cowie,2457-1972-28147,+50491994224,41793 Karstens Road
110,Katrinka,Garratt,2026-1925-21083,+50495569551,59 John Wall Point
111,Lucilia,Gray,3047-1996-17369,+50493337755,69 Hagan Circle
112,Herbie,Gethouse,5786-1951-80094,+50490662268,4548 Melvin Way
113,Ram,Withey,1484-1992-37925,+50491540345,5 Kenwood Point
114,Ruttger,Abramowitz,4876-1926-93436,+50499023482,2 Carberry Pass
115,Raphaela,Wogden,3666-1959-24575,+50499887667,01554 Raven Point
116,Dulcea,Jeffes,3566-1943-97158,+50494967411,299 Roth Center
117,Mace,Poundford,7719-1971-98101,+50490134992,73 Ridge Oak Court
118,Heall,Davidman,6911-1955-46416,+50499846352,19 Fairview Road
119,Nicolai,Ferretti,7334-1976-89742,+50492402690,6102 Menomonie Park
120,Rozalie,Snelson,5689-2003-20563,+50493181455,69 Springs Park
121,Alyda,Gilliland,5214-1955-95797,+50491320000,36749 Bultman Trail
122,Yuri,Micklewicz,8126-1982-68476,+50494349985,0 Norway Maple Park
123,Augy,Harker,6464-1920-21666,+50494412461,191 Talmadge Avenue
124,Mandy,Woan,7422-1960-81617,+50499319000,5461 Blackbird Parkway
125,Jareb,Kemet,5213-1981-57589,+50497940835,441 Springview Lane
126,Euphemia,De Banke,6981-1972-38833,+50497328880,94 Orin Junction
127,Dmitri,Jore,9605-1971-11070,+50496348289,34 Pine View Road
128,Doralia,Osbourn,8489-1981-73578,+50493534330,1 Rieder Plaza
129,Gennie,Stoakes,3352-1952-91644,+50499478126,32 Mallard Point
130,Jennie,Ferre,1640-1934-54649,+50495349106,3760 Glendale Place
131,Elwin,Funnell,9264-1920-16479,+50497560575,656 Meadow Vale Lane
132,Arnold,Catterick,5287-1989-48001,+50494583523,667 Green Ridge Alley
133,Blondy,Burnsall,6463-1997-86363,+50495962442,97680 Saint Paul Plaza
134,Leora,Flewin,4364-1929-22798,+50498576835,50165 Amoth Circle
135,Bordy,Hairyes,2693-1951-88023,+50492661666,7 Warbler Plaza
136,Carolyne,Hagland,7027-1986-19924,+50499466368,52 Utah Drive
137,Toby,Peizer,7541-2003-90691,+50498467323,2 Troy Avenue
138,Kipper,Burkett,3278-1972-41991,+50490713346,1444 Prentice Street
139,Westbrook,Orrocks,7902-1932-49668,+50493750471,8 Anniversary Road
140,Obediah,Spon,5789-1965-70665,+50497328022,90508 Ronald Regan Plaza
141,Finn,Jockle,6842-1922-73079,+50492274904,3 Kedzie Terrace
142,Cara,Polin,7672-1927-90694,+50493519655,05141 Rieder Circle
143,Lia,Undrill,4374-1930-65909,+50491138126,8 Kipling Lane
144,Crin,Championnet,3878-1974-10346,+50494496264,5722 Fremont Terrace
145,Orelie,Killbey,8188-1965-54303,+50492606731,7420 Pond Crossing
146,Gallagher,Fanshaw,7207-1959-36928,+50497107084,29 Pleasure Avenue
147,Katuscha,Twitty,2087-1990-74339,+50491870872,5 Utah Trail
148,Joleen,Yurasov,8959-1979-70908,+50496111847,444 Darwin Way
149,Neille,Reuter,5363-1974-49149,+50491834975,81 Bobwhite Place
150,Kalle,Lummis,7714-1938-36988,+50493894010,095 North Alley
151,Saundra,Sichardt,9682-1926-86251,+50499165545,979 Shopko Avenue
152,Ardis,Guilbert,8057-1989-13718,+50499910369,70290 Colorado Trail
153,Jermaine,Greening,9931-2001-73307,+50499125880,23267 Sachs Lane
154,Ciel,Kleinhausen,1433-1972-50591,+50498078887,94828 Welch Drive
155,Edgar,Delhay,7215-1925-23255,+50497645846,5227 Rieder Court
156,Karolina,Leonard,7817-1990-66963,+50499613885,4407 Canary Crossing
157,Krisha,Catlow,6361-1928-11172,+50493429513,0484 Iowa Alley
158,Rozelle,Grindle,9356-1931-45614,+50498697625,137 Hollow Ridge Alley
159,Flora,Menilove,5315-1953-62576,+50494944092,2 Dayton Alley
160,Abbie,Rizzotto,1229-1991-33291,+50494923607,690 Harbort Circle
161,Pieter,Favelle,3195-1953-76602,+50497251529,28695 Mesta Trail
162,Gabbey,Guerriero,8067-1975-33504,+50490389317,4952 Thackeray Place
163,Kele,Wimes,1233-1979-17861,+50493923164,9283 Toban Street
164,Wylma,Najara,4242-1969-69281,+50496688768,46 Petterle Avenue
165,Worthington,Thewles,4465-1962-64811,+50495597071,25364 Manley Lane
166,Jania,Mughal,1646-1965-87238,+50493800590,955 Sage Hill
167,Karlan,Brumham,6627-1928-61194,+50492799279,09398 Carpenter Hill
168,Ginnifer,Nockles,7816-1958-84921,+50494675372,04 Sommers Drive
169,Guntar,Milner,3903-2000-75679,+50492239588,947 Bluestem Place
170,Berty,Swatton,3102-1990-47006,+50499539707,9360 Northridge Lane
171,Cindy,Beatey,7355-1931-82959,+50490057308,11 Hovde Trail
172,Rainer,Cisar,9364-1921-68499,+50495754643,78 Heath Way
173,Darell,Cuncarr,6507-1992-47113,+50499630823,57 Algoma Way
174,Bobby,Geockle,8926-1956-56224,+50498856674,011 Columbus Road
175,Gillan,Conradsen,7289-1941-26987,+50491416904,67 Old Shore Park
176,Josefa,Mackinder,2800-1936-73285,+50496153550,1 Mayfield Drive
177,Arlana,Bendall,1841-1957-32719,+50495816717,278 Hollow Ridge Trail
178,Dulcine,Penton,7428-2003-18579,+50491452407,3735 Ridgeview Court
179,Valentine,Maillard,2966-1998-91954,+50498678996,718 Brickson Park Alley
180,Andree,Axleby,4809-1991-89843,+50495086122,5 Tomscot Drive
181,Herbert,Haccleton,6047-1938-57007,+50490766610,98984 Clove Way
182,Cyndia,Saiz,6947-1960-22025,+50490391940,3 Maple Wood Circle
183,Venus,Ronayne,3346-1947-76553,+50491028839,8414 Nova Junction
184,Odessa,Hubbart,2055-1995-92105,+50493102546,29301 Mayer Terrace
185,Mallory,Kalinsky,6966-1984-37556,+50499291569,0 Pennsylvania Avenue
186,Sophi,Thorneley,9756-1964-26782,+50490940579,39658 Susan Lane
187,Falkner,de Grey,8676-1983-99336,+50492717691,7 Derek Road
188,Melissa,Parish,4936-1929-12253,+50493667467,3140 Towne Plaza
189,Chester,Badger,1784-1993-65518,+50496938333,752 Debra Lane
190,Kele,Iggalden,4384-2000-86400,+50498431777,7 Farragut Junction
191,Buckie,Cars,3298-1952-14275,+50490903512,26012 Trailsway Avenue
192,Ham,Rosa,2457-1946-22432,+50491760074,9 Morning Pass
193,Viviyan,Frediani,4236-1921-91255,+50499499913,7850 Lotheville Way
194,Becka,Fardon,2171-1949-37667,+50496372046,6 Oxford Lane
195,Farlie,Staff,8313-1982-64101,+50499741154,3 Sycamore Plaza
196,Odelinda,Ivantsov,2004-1944-61280,+50498802244,19 Gale Way
197,Letty,Conkie,6877-1939-57972,+50491369252,69936 Sugar Court
198,Sisely,Theakston,3978-1982-21875,+50492909064,9 Ramsey Place
199,Roland,Kermeen,3712-1990-39839,+50498561613,99033 Stephen Way
200,Giusto,Bertomieu,2673-1927-57240,+50498315150,6 Laurel Point
201,Dottie,Hanse,3307-1966-77184,+50498076538,39 Lien Crossing
202,Cloris,Canfer,5234-1931-53836,+50491234404,225 Mayer Lane
203,Esme,McCready,3578-1924-86632,+50496962177,16369 3rd Place
204,Winne,Perroni,7380-1982-72175,+50495793552,57 Fieldstone Terrace
205,Prisca,Abbe,4387-1967-39325,+50494616636,10381 Ilene Place
206,Elihu,Dumphrey,5975-1941-88831,+50494482349,1 Bayside Lane
207,Francisco,Phibb,4221-1949-52748,+50491971368,44 Browning Lane
208,Raviv,Tomisch,8998-1966-12498,+50490707830,389 Fordem Trail
209,Amelina,Truckell,3795-2003-50685,+50498171909,7614 2nd Court
210,Nathalie,Pailin,6524-2003-10696,+50499018249,49858 Charing Cross Way
211,Lari,Slograve,6434-2004-33282,+50497007565,1411 Manitowish Circle
212,Eb,Mazzeo,9996-1978-94689,+50498139850,9314 Corry Street
213,Towney,Swindle,7666-1986-16745,+50498367491,4 Swallow Hill
214,Ellis,Knowles,2727-1937-97029,+50492253711,03338 Rowland Parkway
215,Irita,Patrie,1021-1995-89607,+50497012260,76572 Prairie Rose Way
216,Gerianne,Pikett,8344-2002-60182,+50497221445,37 Shelley Parkway
217,Minna,Rany,5035-1987-97046,+50499249376,4 Lighthouse Bay Point
218,Barbra,Blayd,4269-1939-18973,+50498289579,31 Tomscot Street
219,Margalo,Hardy-Piggin,4820-1977-12289,+50493748446,34 Cordelia Plaza
220,Daniele,Oscroft,3658-1990-69047,+50490443456,9 Southridge Hill
221,Gabriell,Staveley,8078-1946-58136,+50495844600,47 Lindbergh Lane
222,Elane,Dysert,1283-1934-37580,+50493505200,08 Claremont Junction
223,Adrianne,O'Carran,3395-1953-68675,+50495411029,3 Corry Place
224,Almeda,Twitchett,6422-1928-55370,+50493254005,91401 Meadow Valley Way
225,Kissiah,Andrassy,9024-1980-28138,+50495815899,645 Graceland Center
226,Buddy,Mourge,8379-1925-20828,+50493046161,608 South Pass
227,Lyon,Ismead,9826-2001-40488,+50495738284,0640 Park Meadow Lane
228,Desirae,Iredell,2318-1953-65212,+50497422472,44 Cottonwood Crossing
229,Lela,Sancho,7215-1949-65038,+50498585214,57 Fordem Lane
230,Jorey,Sacher,6865-1956-75138,+50496471182,498 Village Park
231,Hadria,Loughan,3798-1995-90463,+50493103012,1 Hoepker Court
232,Beniamino,Grint,9065-1938-47980,+50490962817,24 Stang Street
233,Cletus,Kendle,6366-1978-47252,+50497229485,92714 Welch Hill
234,Fawnia,Cretney,2712-1971-55497,+50498984821,55 Montana Plaza
235,Filip,Fickling,3684-1981-19657,+50490903417,0424 Oakridge Street
236,Daniella,Happert,6986-1955-19365,+50493460180,5041 Dwight Way
237,Kimball,Renton,1140-1980-94185,+50492302764,421 Petterle Place
238,Itch,Pegler,5523-1989-93806,+50495618027,41533 Monument Way
239,Ania,Flegg,1836-1956-21530,+50490597864,92247 Center Hill
240,Netty,Rauprich,5724-1930-55441,+50496009564,4 Sheridan Avenue
241,Robinet,Hundal,2320-1943-97049,+50497633970,8 Melrose Center
242,Amory,Karpol,8486-1989-18463,+50490718578,9892 Anzinger Park
243,Eddy,Briand,4096-1976-90233,+50499611121,4416 Boyd Way
244,Lillis,Marchelli,9814-1975-84384,+50496196184,5 Namekagon Junction
245,Irv,Petow,7871-1962-84616,+50492216646,394 4th Trail
246,Flory,Epps,2999-1929-91888,+50496852897,99 Beilfuss Alley
247,Grier,Costelloe,3332-1925-28210,+50498231154,50697 Heffernan Street
248,Chloris,Vallery,1237-1979-19793,+50495280262,427 Dexter Park
249,Reine,Braddick,7888-1986-14856,+50497439014,9 Pepper Wood Court
250,Cassie,Headland,3358-1922-23251,+50499314875,4 Fordem Way
251,Tamarra,Domsalla,2374-1942-37518,+50494960398,110 Kings Park
252,Essa,Jowling,9385-1923-82389,+50491488135,73 Scoville Avenue
253,Michaela,O'Scandall,2679-1969-19017,+50493053991,446 Arrowood Court
254,Auguste,Manwaring,4764-2001-10520,+50495798756,0248 Arkansas Alley
255,Gothart,Sutherington,5600-1968-11204,+50496182700,9300 Sheridan Park
256,Mortie,Parris,7145-1978-80269,+50498938353,0596 Mosinee Way
257,Yehudi,Buckeridge,2881-1997-23783,+50495917688,47029 Pleasure Point
258,Kippie,Romme,7816-1983-36444,+50497597785,5115 Paget Trail
259,Uriel,Golby,1936-1936-71346,+50495535366,4 Old Gate Point
260,Aindrea,Cockle,1495-1958-93501,+50495896153,492 Lighthouse Bay Point
261,Rossy,Millhill,1750-1921-72962,+50494205190,515 Texas Drive
262,Eduino,McConnel,8428-1989-92866,+50493958725,7 Mariners Cove Lane
263,Saundra,Dowglass,7413-1930-68042,+50490057530,6501 Pankratz Court
264,Korney,MacGraith,5462-1957-78711,+50498140007,36 Texas Street
265,Briant,Cardoo,3595-1997-66932,+50498098161,5 Sundown Lane
266,Belva,Guillon,8865-1931-76301,+50497694069,0209 Autumn Leaf Lane
267,Valaria,Larroway,3875-1973-93264,+50495501349,818 Riverside Hill
268,Jasmina,Bonsul,1846-1960-75421,+50498585346,2054 Graceland Road
269,Sean,Hawkes,6648-1936-46585,+50494404275,7 Debra Circle
270,Jude,De Lorenzo,6192-1944-98792,+50491954016,463 Declaration Trail
271,Pearla,Gillanders,5762-1969-71636,+50497395676,765 Badeau Crossing
272,Hashim,Aleswell,6823-1963-74109,+50496078189,72356 Glendale Lane
273,Maryanna,Griswaite,4655-1962-70667,+50490630683,42 Spohn Crossing
274,Rubina,Gwinnel,3789-1922-43147,+50494558482,229 Sunbrook Plaza
275,Davon,Ridding,6719-1921-95768,+50490912275,96784 Red Cloud Road
276,Carlee,Tarte,1241-1920-49852,+50498102508,02 Bellgrove Avenue
277,Bill,Connew,1088-1921-98053,+50492340426,65448 Roth Road
278,Lindsay,Seifenmacher,4622-1930-88543,+50495140833,67646 3rd Avenue
279,Cairistiona,Wooland,3125-1974-95951,+50497211124,1 Pennsylvania Parkway
280,Wilhelmine,Rodway,6887-1975-98899,+50499746850,615 Waubesa Place
281,Burr,Willars,9073-2000-91207,+50498504583,7044 Walton Terrace
282,Aron,Gadesby,3242-1926-56361,+50491981894,73917 Village Hill
283,Eugenio,Rigardeau,5424-1921-19652,+50493960427,50578 Fair Oaks Center
284,Ker,McCoish,4691-1951-27144,+50496590961,45298 Coolidge Court
285,Evita,Langsbury,1549-1936-88437,+50499090401,7 Arizona Road
286,Quillan,Duffin,4366-1957-60707,+50493152022,2 Coolidge Junction
287,Adlai,Cluderay,1933-1972-86233,+50497452769,2 Victoria Center
288,Kimbell,Leneham,5374-1959-68851,+50496508751,9327 Hagan Street
289,Mora,D'orsay,1569-1979-34741,+50497285156,698 Sunnyside Center
290,Juanita,Ridges,1560-1980-80690,+50493150314,8267 Southridge Junction
291,Hill,Dalinder,7245-1932-16444,+50493334399,93913 Hollow Ridge Pass
292,Hilliard,Brun,8049-1995-48984,+50490702505,2 Randy Street
293,Elsbeth,Lenz,1682-1999-30567,+50496100525,595 Crowley Park
294,Kerri,Inold,9225-1999-67942,+50494981531,571 Blackbird Crossing
295,Gerardo,Flannigan,9108-1939-60442,+50495229511,5 Blaine Alley
296,Brianna,Longhi,7203-1940-80602,+50492784762,00 Shopko Avenue
297,Arnie,Whitefoot,6006-1939-52468,+50492478697,37307 Armistice Hill
298,Noelyn,Bellringer,1298-1997-19731,+50497242556,0805 Ridgeview Park
299,Drusy,Robus,8145-1923-75306,+50492082849,1 Kenwood Center
300,Maxi,Croall,3615-1929-19148,+50494071640,7 Bayside Circle
301,Sandy,Lugard,2752-1939-85872,+50492864998,16142 Dennis Terrace
302,Denise,Tunny,1762-1983-21324,+50490507075,50 Blackbird Drive
303,Sheelagh,Mouth,9014-1989-90827,+50494135547,0958 Kensington Crossing
304,Ailsun,Croome,8037-1929-65747,+50492667124,51 Lakeland Plaza
305,Augustine,Armatys,8264-1963-31806,+50491720823,2 Golf Drive
306,Car,Chambers,1039-1938-64981,+50495924172,61 Forest Way
307,Dita,Sudlow,1302-1999-45572,+50499731354,44 Fairview Pass
308,Crystal,Jinkinson,7573-1920-25729,+50498481218,1644 Superior Terrace
309,Edward,Iiannone,5755-1984-79364,+50494926846,8516 Packers Way
310,Marj,Prozescky,2297-1975-14698,+50498769782,09216 Service Way
311,Jehu,Lattka,5865-1984-72745,+50491801083,4 Haas Alley
312,Ann,Palombi,7796-1949-11204,+50490401123,3 Chive Street
313,Jake,Charleston,1793-1999-71836,+50494562895,420 Memorial Road
314,Mitchell,Skingley,8041-1994-58612,+50497733536,4 Ruskin Junction
315,Annalise,Hiseman,6942-1927-32180,+50498983147,870 Utah Road
316,Bradly,Kupper,6024-1993-20639,+50497871246,2 Hermina Place
317,Nero,Matisoff,1364-1990-79119,+50496564379,3 Jenifer Park
318,Ashlee,Dunridge,7610-1952-41896,+50494294993,34 Southridge Place
319,Feodora,Lelande,4446-1996-93264,+50492893376,5 3rd Lane
320,Rolfe,Crimp,8950-1990-37240,+50490774695,23258 Park Meadow Place
321,Colman,Midlar,5860-1940-58285,+50492045364,67643 Glendale Hill
322,Mariya,Ellin,3092-1955-75156,+50490391275,2 Jackson Park
323,Margarethe,Bartoletti,1393-1979-49296,+50491888909,77249 Vahlen Parkway
324,De,Gormally,1047-1934-31601,+50498798620,80 Dixon Place
325,Jackie,Shrive,8422-1978-79243,+50497505895,89960 Bartillon Pass
326,Hershel,Gellett,4591-1982-81610,+50491992710,76029 Lukken Avenue
327,Aldridge,Howsan,5925-1965-89871,+50497807222,325 Jenifer Road
328,Erhart,Markson,5852-1949-83157,+50490730791,63753 Schiller Road
329,Etheline,Earwicker,8036-1967-54896,+50496107076,2972 5th Place
330,Carlene,Vassall,9292-1973-37676,+50495403775,72146 Lakewood Gardens Street
331,Trumaine,Bortolozzi,8860-1938-62913,+50492655811,888 Springview Crossing
332,Gunilla,Charlewood,4035-1954-24649,+50493825828,58404 Anzinger Point
333,Caddric,Brum,9226-1941-80133,+50492374937,7 Del Sol Terrace
334,Melodie,Longforth,7170-1983-35993,+50493797754,70 Marcy Lane
335,Ravid,Mc Andrew,6659-2001-60785,+50495033112,9 Welch Point
336,Eliza,Glisenan,7045-1930-11156,+50494385653,887 Bluejay Place
337,Free,O'Drought,4563-1924-70770,+50494257238,53629 Tennessee Parkway
338,Bernardo,Eyeington,1316-1938-32600,+50494905030,54 Kedzie Crossing
339,Lura,Lathom,1527-1922-69716,+50495152244,89 Kim Point
340,Adeline,Anscombe,7788-1960-85276,+50490770995,0 Clemons Trail
341,Anni,Hanster,7842-1943-50064,+50495188521,0145 Anhalt Trail
342,Kiersten,Newe,2667-1941-40011,+50490206418,6308 Utah Court
343,Livy,Laurent,6835-1990-46473,+50493937059,56 Vernon Lane
344,Kristal,Marshallsay,4127-1989-59399,+50493865665,8 Anhalt Terrace
345,Fanchon,Bonn,1336-1986-29524,+50491657934,1 Melrose Point
346,Goddart,Woodland,8532-1939-39351,+50496689115,16 Oak Valley Place
347,Oralla,Kief,7329-1935-58485,+50492099109,1681 Forster Court
348,Tammie,Bourget,8004-1983-10103,+50492547180,53407 Steensland Hill
349,Royall,Pelzer,5542-1920-62333,+50499826874,26466 Grasskamp Place
350,Dunn,Vaughan,4352-1971-67252,+50498867803,2 Warrior Way
351,Gratiana,Lorey,9987-1931-24226,+50490896239,2 Memorial Lane
352,Kennie,Jonuzi,9032-1957-74655,+50493067110,1 Novick Trail
353,Lucio,Beedle,9453-1928-93642,+50498469323,4 Macpherson Court
354,Dewitt,Maciejak,5135-1950-34552,+50498663429,63360 Moland Place
355,Panchito,Procter,6307-1943-24837,+50499996195,98244 South Place
356,Noby,Algie,1256-1925-76821,+50496051513,20 Lake View Park
357,Raimund,Scoyles,6297-1927-30436,+50494750403,05 Petterle Place
358,Kylila,Melmore,7986-1944-14868,+50490051743,23 Porter Pass
359,Keriann,Cisson,2985-1998-68036,+50497597993,706 Thackeray Point
360,Ethelred,Samudio,7259-1946-13909,+50494349845,279 Summer Ridge Circle
361,Wandis,Curragh,5436-1960-51066,+50490236247,7670 Erie Way
362,Annamaria,Loadwick,9828-1981-25110,+50497089686,26171 Del Sol Junction
363,Griselda,Nealand,9408-1968-11875,+50498489487,62327 Hovde Point
364,Ricoriki,Fortesquieu,2626-1939-23898,+50499651582,7108 Kipling Road
365,Holly,Harmer,3384-1939-17111,+50499602067,06833 Sycamore Alley
366,Herculie,Westrip,1543-1939-39341,+50496734271,48030 Portage Alley
367,Min,Gommowe,2584-1927-77628,+50496277946,3893 Grayhawk Hill
368,Avery,Jost,1250-1927-60248,+50490982479,409 Mockingbird Terrace
369,Judie,Du Plantier,3895-1936-28431,+50499831193,2 Lotheville Parkway
370,Pavla,Watling,7587-1926-67745,+50490976706,2 Oneill Street
371,Mellisent,Duce,2621-1927-60048,+50497620088,295 Hansons Crossing
372,Larry,Band,6910-1954-14122,+50491219603,2 6th Circle
373,Emmy,Jarley,6359-1949-61406,+50499925302,6 Claremont Junction
374,Benedikta,Sinkin,3357-1960-32246,+50494984264,5815 Oriole Court
375,Corabella,Lea,4753-1990-15315,+50496528113,159 Sachtjen Center
376,Vanda,Boddy,9930-2004-32717,+50495077332,7978 Clove Avenue
377,Eleanor,Mitcham,9224-1949-13592,+50494820279,077 Old Shore Center
378,Sashenka,Caulket,3306-1957-14792,+50497420852,648 7th Parkway
379,Janka,Ochterlony,8320-1924-78323,+50490602726,63 Old Gate Plaza
380,Timothy,Dyball,9469-1929-90035,+50496622842,73560 Kim Court
381,Carina,Stiegar,1644-1972-89992,+50497617363,7676 Hallows Pass
382,Kienan,Cullington,3693-1966-72277,+50495631543,68 Shelley Hill
383,Roselle,Austins,5427-1922-35658,+50491291580,57 Prairieview Terrace
384,Gottfried,Sherington,6319-1920-34866,+50492021302,73233 Armistice Trail
385,Augustus,McManus,5325-1947-88911,+50490176909,3 Southridge Circle
386,Merrily,Habercham,7228-1955-63103,+50495172871,3 Shelley Place
387,Hollis,Bradmore,8244-1923-92766,+50493294269,2 Doe Crossing Crossing
388,Jamey,Marle,9263-1947-83010,+50497079213,0458 Sachs Lane
389,Reube,Camfield,2797-1948-47483,+50497494475,21 Pond Hill
390,Courtenay,Ogan,9703-1981-19171,+50499708831,47 Hanson Avenue
391,Brittne,Pottiphar,2176-1991-10453,+50495121224,7 Lakeland Center
392,Haily,Langfat,4294-1920-96467,+50494231038,8181 Artisan Junction
393,Daisi,Levinge,2980-1977-91718,+50495999505,7821 3rd Plaza
394,Cecile,Fellow,8718-1946-98784,+50493124033,1 Leroy Alley
395,Amil,Dreamer,5968-1994-16129,+50498030894,6112 Northview Pass
396,Latashia,Le Leu,8207-1985-43218,+50494929071,03 Schurz Street
397,Emelyne,Westover,7215-1924-16371,+50494364285,6 Huxley Parkway
398,Elora,Curzey,5132-1971-66060,+50495618939,28 Erie Place
399,Di,Soitoux,3556-1968-65916,+50490892714,4 Graceland Drive
400,Katti,Raithby,5728-1949-23565,+50490734745,64164 Coolidge Place
401,Arnoldo,Tukesby,8804-1941-97403,+50499318741,43586 Del Sol Street
402,Mattie,Kovelmann,2869-1954-78548,+50499286649,28 Crest Line Place
403,Benedicto,Basham,6606-1939-15126,+50494016854,97878 Manufacturers Alley
404,Ambrosio,Beirne,8645-1964-74628,+50496043451,0492 Linden Plaza
405,Jillene,Thaxter,5302-1965-84889,+50490286549,6588 Summit Terrace
406,Nertie,Denisovich,4592-1943-77201,+50491522410,80 Lerdahl Terrace
407,Wyatan,Prater,8381-1927-93785,+50497058071,64834 Main Avenue
408,Pyotr,Frantzen,2214-1959-93069,+50491560345,908 Johnson Crossing
409,Sarena,Cousens,1696-1977-72515,+50494449042,3 Summit Park
410,Mel,Baroch,9513-1986-46790,+50499495251,87 Gateway Point
411,Vern,Jukubczak,5731-1995-25882,+50490613542,64 Merchant Park
412,Jessalyn,Baignard,9416-1968-31366,+50496282126,674 Sage Point
413,Tobin,Ilyunin,5195-1972-97006,+50498511512,00 Kedzie Crossing
414,Langsdon,Deal,7015-2001-46998,+50495586359,34 Sunnyside Park
415,Jaye,Woodham,7947-1967-19817,+50498385048,1578 Declaration Plaza
416,Bee,Freddi,6875-1925-23978,+50495269027,07 Algoma Lane
417,Meryl,Pestell,1549-1951-15148,+50490281922,6 North Terrace
418,Niven,Gheorghie,2915-1946-23053,+50494370687,0 Hooker Terrace
419,Donelle,McRinn,5319-1947-78053,+50490899669,3 Cherokee Plaza
420,Shirlene,Fader,7203-1933-89981,+50499508847,8 Texas Terrace
421,Ritchie,Redhead,4904-1937-10230,+50497872229,2 Mccormick Park
422,Kiersten,Niccolls,1905-1969-17605,+50491513364,6094 Bartelt Drive
423,Neely,Dominec,6408-1989-51397,+50494384774,76 Saint Paul Lane
424,Laina,Swatridge,9581-1921-30292,+50494918484,0176 Kinsman Place
425,Leigha,McNelis,1477-1991-12321,+50499343564,50037 5th Terrace
426,Mab,Hedingham,9749-1950-17562,+50493746462,0 Schurz Plaza
427,Rogerio,Alliot,2005-1953-45174,+50498907754,0 Fisk Avenue
428,Richmond,Gabbot,5822-1981-97732,+50498154580,2 Buena Vista Point
429,Chiarra,Benham,4517-1990-46022,+50497098556,610 East Crossing
430,Sydel,Pedracci,7529-1955-86981,+50492976306,6 Dexter Point
431,Levon,Baudins,1221-1996-74963,+50493037290,410 Anzinger Pass
432,Marshall,Varvara,9328-1954-83036,+50495443364,73118 Mcguire Road
433,Helge,Brosi,8927-1929-98718,+50491162117,9993 Rutledge Center
434,Min,Merida,2205-1990-63392,+50491747658,00 Sauthoff Road
435,Ezekiel,Rumke,2922-1970-65024,+50493748097,57 Roth Lane
436,Ellene,Maggorini,8614-1996-56308,+50490576420,759 Aberg Way
437,Rollo,Dorbin,6824-1966-76706,+50490390152,2028 Green Way
438,Marie-ann,Mumm,2744-1958-95794,+50495949269,148 Gulseth Way
439,Helaine,Ethridge,1676-1923-95882,+50495845086,69194 Eastwood Point
440,Allix,Mosdill,1314-1924-92362,+50496627895,84574 Dawn Road
441,Cherilynn,Reddick,5033-1986-57950,+50490704510,528 Clove Lane
442,Giulia,Hathway,8532-1954-31959,+50499274376,8 Manley Lane
443,Evey,Besantie,9289-1931-37346,+50493316911,4 Messerschmidt Trail
444,Berkly,Pietrowski,7096-1928-65916,+50492528599,0545 Maple Lane
445,Cordy,Aiken,8562-1966-45320,+50496979126,9 Commercial Circle
446,Ursula,Kilby,1717-1943-51554,+50496748626,34441 Clove Parkway
447,Ward,Eastcott,5726-1980-23101,+50492668257,6 Michigan Avenue
448,Fayth,Ronnay,3150-1976-31161,+50497781064,08 Farmco Plaza
449,Muffin,McComiskie,4065-1971-10946,+50490140971,26366 David Drive
450,Egor,Tregent,6114-1972-90255,+50493480213,601 Comanche Alley
451,Donalt,Filipczak,8599-1932-76131,+50492258281,28185 Harbort Circle
452,Anna-diana,Stegel,1822-1927-45534,+50492885288,929 Burrows Crossing
453,Marie-jeanne,Leitch,2371-1990-27375,+50491108227,48011 Garrison Pass
454,Lorain,Edlington,4002-1938-73339,+50490906307,17004 Reinke Drive
455,Dorita,Dunridge,6609-2004-45199,+50498763353,3 Reindahl Alley
456,Adan,Sales,6061-1944-15575,+50493943771,055 Pawling Center
457,Griz,Kell,9184-1949-57041,+50493922902,1284 Warbler Terrace
458,Odo,Dyas,1101-1933-80448,+50497684733,3 Fair Oaks Crossing
459,Saidee,Rossey,4481-1936-86250,+50496416334,354 Michigan Point
460,Shurlocke,Boothe,2104-1992-35947,+50490430719,9 Spohn Court
461,Sammie,Boyford,5383-1970-90686,+50497516078,3114 Farmco Way
462,Kelbee,Annell,2387-1991-68870,+50493888662,3 Loftsgordon Junction
463,Augy,McHugh,7806-1956-68840,+50497466244,3392 Hansons Parkway
464,Heather,McKeever,3347-1995-52410,+50491734877,233 4th Terrace
465,Bryanty,Glover,4270-1990-47356,+50492472418,22 Northwestern Pass
466,Feliza,Okell,1663-1956-68472,+50497975554,283 Mallard Terrace
467,Matty,Eagleton,6133-2003-65439,+50495976618,0 Superior Street
468,Dorise,Coggill,7773-1987-13684,+50496281843,9 Red Cloud Park
469,Henryetta,Gyurkovics,8798-1981-74606,+50490418087,30 Magdeline Place
470,Lissie,Adie,9456-1951-79641,+50492887695,54407 Tony Center
471,Giustino,Pietruszka,5098-2003-64899,+50499638248,20 Weeping Birch Plaza
472,Marylou,Corran,5791-1961-61906,+50498911714,0411 Atwood Court
473,Sharona,Durtnal,8607-1955-44378,+50490294777,031 Darwin Drive
474,Andra,Terne,7422-1997-98190,+50490667930,50744 Atwood Road
475,Aliza,Chastel,4430-1941-25281,+50493621833,522 Monument Point
476,Chanda,Qualtrough,5692-1977-79302,+50494232817,2999 American Ash Pass
477,Charley,Mongenot,5187-1990-37238,+50496260994,103 Merrick Court
478,Omero,Haller,1113-1984-44567,+50491367885,6 Brickson Park Center
479,Neil,Yewdall,3959-1928-95263,+50495565563,4726 Menomonie Circle
480,Ashia,Dayton,9547-1954-42666,+50494633150,38 Corben Avenue
481,Jorey,Theaker,9049-1992-70363,+50493175873,94749 Luster Alley
482,Mayor,Haggard,4454-1954-88194,+50495320804,0 Summer Ridge Parkway
483,Jamie,Murphey,5921-1993-63350,+50491998284,8905 Carpenter Center
484,Walton,Kisar,8370-1987-42597,+50497998116,73 Carey Pass
485,Paula,Murrum,5153-1951-23208,+50491509527,3208 Spenser Road
486,Juana,Hacking,4446-1951-20168,+50496018700,08 Thackeray Drive
487,Jeri,Kleint,9820-1983-39073,+50499783335,691 Mallard Lane
488,Blaine,Ropkins,3586-1992-89981,+50498303440,83 Marquette Junction
489,Milty,Newham,8246-2000-92822,+50490842014,0486 Arapahoe Terrace
490,Cybil,Rudwell,2984-1981-71904,+50497008097,28 Drewry Road
491,Norma,Saintsbury,2364-1969-43397,+50498818210,48771 Duke Alley
492,Eba,Mathe,4364-1926-83803,+50497600380,2336 Sheridan Alley
493,Ingar,Sweett,3698-1946-96318,+50495779350,55861 Oak Alley
494,Baxter,De Few,7260-1966-60249,+50494979795,67350 Brickson Park Pass
495,Rana,Lissandrini,7388-1935-46792,+50491153139,5402 Homewood Place
496,Maia,Andrassy,6189-1943-97357,+50498824205,0 Garrison Drive
497,Milzie,Guynemer,5802-1959-64935,+50490799108,58462 Straubel Avenue
498,Fritz,Sidebottom,3828-1947-16941,+50497652698,22112 Bonner Point
499,Alphonse,Van der Daal,3574-1967-73708,+50492271555,8 Crowley Terrace
500,Bernadene,Dulwich,9619-1944-50075,+50490559228,89205 Spenser Street
501,Heindrick,Duffett,6213-1937-10010,+50494298732,61609 Tomscot Parkway
502,Alfie,Ledingham,9434-1985-46032,+50494457127,3 Clarendon Terrace
503,Teresina,Main,8401-1930-74649,+50494877558,616 Donald Crossing
504,Fianna,Lamport,8225-2002-65152,+50499984593,5 Saint Paul Point
505,Ruddy,Adamski,4011-1984-17119,+50492616606,723 Ilene Point
506,Rodger,Lenchenko,6460-1989-49130,+50492281726,5 Bonner Park
507,Maridel,Bavridge,8783-1993-12272,+50497686999,4588 Old Gate Avenue
508,Michaela,Mico,5670-1945-83937,+50492891489,7 Sunbrook Park
509,Ardys,Di Biagio,6393-1986-95986,+50493049861,89 Dixon Road
510,Lyndsay,Lynett,7641-1982-54364,+50495477409,886 Maple Pass
511,Jaymie,Viveash,9404-1953-40858,+50493025949,2860 Eliot Drive
512,Ado,Mushet,5547-1988-15976,+50493913025,4 Briar Crest Avenue
513,Lise,Hellyar,6163-1978-83676,+50490440126,593 Oriole Terrace
514,Odele,Rupke,4885-1966-65441,+50498064292,5367 Grover Terrace
515,Jason,Hofton,1745-1937-74464,+50494860376,0 Lien Court
516,Dalt,Milne,3108-1991-74614,+50495268788,1 Elgar Way
517,Ralina,Lowth,5653-1949-48696,+50495470067,1 Montana Point
518,Armin,Readwing,4509-1971-44013,+50495335990,17236 Bartillon Center
519,Hazel,Tollmache,4586-1975-41418,+50499580346,3365 Reindahl Center
520,Prescott,Fumagallo,2780-1934-94995,+50493110009,698 Bultman Road
521,Salmon,Tomaszek,5370-1980-79962,+50499094754,97932 Forster Parkway
522,Marshal,Mibourne,2638-1973-94555,+50494583931,904 Fair Oaks Terrace
523,Kingsley,McKearnen,8968-1923-63644,+50493624592,50349 Redwing Terrace
524,Belinda,Matignon,1271-1974-46418,+50496622773,6435 Algoma Park
525,Penni,Melonby,3567-1967-61870,+50494871475,5731 Badeau Parkway
526,Dalton,Bovingdon,2968-1988-57240,+50498364810,159 Bartillon Way
527,Jocelin,Parlet,8717-1997-91515,+50494065114,4191 Nova Hill
528,Susie,Ganiford,5625-1986-87453,+50492475722,3 Vermont Way
529,Brok,Windybank,7574-1977-56578,+50493943595,1 Claremont Court
530,Rachel,Spradbrow,7769-1966-52561,+50493103522,4 Delladonna Court
531,Rudiger,Rhead,3441-1966-96292,+50495390167,8 Sunbrook Hill
532,Alexi,Tisun,2310-1947-10575,+50497745919,0 Hazelcrest Lane
533,Merlina,Pieper,2864-1990-89357,+50494694803,6 Kipling Drive
534,Roley,Zollner,1437-1960-41926,+50495297991,7 Surrey Place
535,Townie,Mottley,9926-1951-83291,+50491578843,3 Bartelt Hill
536,Shanon,Thiese,4092-1996-66109,+50495088623,95 Shoshone Parkway
537,Adria,Studd,9370-1955-79073,+50492908014,6 Ludington Crossing
538,Tully,Murney,2774-1991-66755,+50498407197,47042 Hoard Terrace
539,Nanete,Fearns,5637-1987-35986,+50496463792,48244 Main Avenue
540,Levin,Dudson,6903-1931-65075,+50490888797,95412 6th Center
541,Russell,Yerill,3141-1980-87748,+50491439134,252 Springs Hill
542,Andra,Duff,5305-1920-48136,+50490627706,0 Coleman Hill
543,Kerrill,Mulqueeny,4818-1938-17860,+50493254716,95 Monterey Circle
544,Eda,Burnyeat,4192-1971-11243,+50495503816,89792 Farragut Drive
545,Timotheus,Cristofor,4841-1984-56677,+50497455266,5 Spenser Circle
546,Drake,Saltern,5009-2004-23807,+50496011544,149 Green Ridge Crossing
547,Reina,Binfield,4932-1925-79116,+50491353122,10153 Mallory Lane
548,Gretchen,Scriver,8204-1965-59908,+50496404729,138 Service Crossing
549,Orelie,Dunbobin,7984-1974-96201,+50492570466,999 Dottie Center
550,Craig,Dutnell,7364-1947-75832,+50497628853,4717 Elgar Plaza
551,Libby,Cancellieri,7598-1963-26471,+50499840568,303 Farragut Junction
552,Sisile,Clowton,2384-1964-83863,+50490839570,07 Heffernan Court
553,Ives,Crane,1002-1978-62241,+50498660143,3 Miller Center
554,Janice,Ubach,5053-2003-60978,+50497115887,5 Superior Way
555,Davide,Dummett,3273-1990-65280,+50495721893,452 Birchwood Pass
556,Kalinda,Matschke,7596-1959-35987,+50497069367,96647 Quincy Junction
557,Jewelle,Charlson,1446-1938-73994,+50498773620,7 Springview Plaza
558,Rodolfo,Josskovitz,7171-1975-26995,+50498012918,63745 Merry Pass
559,Joel,Goodsir,1948-1985-19591,+50491965681,177 Maywood Hill
560,Grange,Sprigin,2230-1987-77539,+50496703844,71 Veith Avenue
561,Tamara,Fleming,3138-1933-13467,+50494606253,6 Evergreen Avenue
562,Ami,Lanchberry,1431-1975-56036,+50499741300,0817 Esker Center
563,Minnaminnie,Galsworthy,1888-1937-77476,+50498286670,4944 Rowland Junction
564,Keriann,Gartan,3808-1989-71755,+50490770269,390 Marcy Parkway
565,Tad,Slade,8088-1957-53260,+50494856287,88 Tennessee Park
566,Jocelyn,Hellyar,3350-1925-79184,+50498409166,78 Main Crossing
567,Arri,Gilders,6149-1932-39517,+50491495859,4044 Judy Alley
568,Randi,McGurn,1510-1987-80074,+50497763099,11 Doe Crossing Center
569,Bianka,Frounks,1598-1978-75490,+50493854998,1 Vahlen Way
570,Micah,Sanchez,9395-1940-84581,+50496662239,90 Orin Drive
571,Jaclyn,Waliszek,8772-1958-68413,+50491825980,2 Dennis Crossing
572,Noreen,Welden,5583-1923-83588,+50492748646,8660 Maple Wood Circle
573,Madalena,Swadlin,8310-1993-29346,+50499039173,2 Ludington Junction
574,Antonin,Simenet,1208-2001-63052,+50497475914,42134 Grim Hill
575,Vonnie,Regan,6907-1976-88038,+50498698759,0241 Ramsey Street
576,Zandra,Tresvina,2370-1940-91186,+50492911674,7504 Mosinee Crossing
577,Michail,Malarkey,3143-1957-67061,+50498962169,9715 Sutherland Circle
578,Sawyere,Extil,2905-2002-78739,+50493583864,23 Sauthoff Lane
579,Siouxie,Chomiszewski,6773-1952-78139,+50499307675,551 La Follette Center
580,Cull,Feeham,7722-1945-73291,+50494911319,7091 Pepper Wood Plaza
581,Adrian,Haime,8760-1973-25736,+50495048594,1252 Hoard Road
582,Leroi,Tommasetti,9840-1992-70691,+50494525613,1 Mccormick Junction
583,Joela,Kikke,5165-1992-19678,+50491067750,14517 Esker Junction
584,Allina,Dimic,3718-1991-69131,+50492781023,285 Elmside Junction
585,Hermine,McMains,2298-1953-68034,+50499944300,5555 Cardinal Hill
586,Cordi,Robertet,2048-1973-40187,+50499999716,50 Barby Parkway
587,Thebault,Pydcock,1011-1970-57927,+50499833132,5 Warrior Lane
588,Mischa,Boddam,1510-1946-80468,+50498978186,1112 Crownhardt Parkway
589,Amerigo,Libreros,4499-1947-57011,+50496651288,1618 Harbort Lane
590,Lukas,Ridge,1894-1995-10191,+50490125578,37606 Texas Circle
591,Francklin,Firle,3095-1993-85816,+50491062111,2 Florence Trail
592,Mitzi,Canto,1840-1957-66187,+50495946908,36 Alpine Road
593,Verla,O'Kennavain,5804-1961-72473,+50491165446,686 Toban Park
594,Hirsch,Melbourn,3371-1978-26731,+50490368833,7349 Gerald Crossing
595,Benyamin,Fromont,8694-1934-63197,+50492568394,3326 Hanover Junction
596,Kathlin,Arthey,5996-1942-34379,+50494837923,08707 Rigney Hill
597,Salvidor,Towne,1530-1998-75409,+50491029652,1 Elgar Road
598,Melessa,Graddell,8106-1957-24808,+50494853541,043 Mandrake Terrace
599,Sharona,Riddel,7995-1937-74325,+50495350090,5 Porter Lane
600,Mohandis,Lodford,8348-1972-90882,+50495740313,25412 Fieldstone Avenue
601,Edsel,Janaszewski,9350-1988-99923,+50499053765,18468 Warner Place
602,Kylila,Rapkins,4788-1930-52204,+50496938883,947 Larry Pass
603,Enoch,Coode,8285-1962-34965,+50499126053,441 Manitowish Street
604,Ethelbert,Kybird,1748-1946-25693,+50491779029,559 Ridge Oak Parkway
605,Gaultiero,Giacobazzi,2887-1958-27615,+50498980365,01 Nobel Avenue
606,Garret,Philipp,6632-2004-56703,+50496716789,025 Jackson Drive
607,Alexi,Ollerearnshaw,3866-1938-33780,+50490177497,31402 Katie Circle
608,Jessie,Lyosik,5455-1939-55715,+50494817010,7449 Harper Plaza
609,Gerty,Shildrake,9749-1986-41892,+50499201293,45 Union Way
610,Orton,Annon,5657-2002-47202,+50494944893,11 Merchant Way
611,Catherin,Blind,4155-1931-91594,+50493196945,4 Veith Way
612,Marley,Eatherton,3222-1983-67347,+50496295185,7182 Butternut Park
613,Eduino,Danforth,7337-1955-29656,+50491774495,26913 Mendota Point
614,Candie,McVanamy,6600-1954-20332,+50491270815,8 Carberry Alley
615,Abbot,Dudley,2759-1944-20202,+50499038665,77616 Luster Way
616,Maure,Kinavan,4756-1946-43047,+50493800612,8 Luster Court
617,Wolfie,Curme,1106-1936-94703,+50490561038,987 Delaware Park
618,Christal,Windrus,8648-1925-47968,+50496283496,63293 Dunning Circle
619,Kahaleel,Stirrip,9670-1943-66640,+50494832388,2 Esch Alley
620,Lindsey,Spaldin,3929-1937-91972,+50491542051,22839 Stuart Center
621,Sacha,Thurlbeck,7508-1989-18607,+50496664789,51445 Dapin Drive
622,Lotta,Fiddyment,3154-1999-52377,+50490641087,203 Luster Lane
623,Flora,Bonnell,5348-1970-22506,+50498596583,37871 Bobwhite Lane
624,Siusan,Fernandes,1679-1943-99251,+50499387564,66037 Hudson Hill
625,Ekaterina,Stratton,8385-1932-11775,+50492633859,27330 Lakeland Road
626,Fin,Brownscombe,7873-1992-89118,+50495279500,55494 Hazelcrest Street
627,Jeralee,Pauluzzi,9371-1987-49790,+50496725389,8426 Artisan Avenue
628,Brett,Perrett,2553-1932-63091,+50495566270,6 Lyons Alley
629,Carlynn,Spenton,6184-1949-10367,+50496006343,5630 Reindahl Junction
630,Hesther,Shildrick,8158-1952-88703,+50494054764,753 Kinsman Crossing
631,Marley,Longfield,7118-1966-62578,+50494112970,5 Bobwhite Center
632,Barnett,Scimone,8666-1997-51522,+50497773500,7 Fairview Way
633,Korey,Seaward,1802-1992-11759,+50490024028,3 Scofield Terrace
634,Gearalt,Blackmoor,1640-1948-88005,+50496540142,1 Hudson Alley
635,Davita,Flewan,9587-1969-20089,+50491756893,7 School Park
636,Charmane,Pyott,1899-1983-47240,+50492788633,85223 Donald Way
637,Alleyn,Tipling,2187-1978-35568,+50498871532,993 Sutteridge Circle
638,Xever,Ireland,4265-2004-20315,+50498541864,180 Derek Crossing
639,Hetty,Dybbe,1895-1956-64467,+50499517014,41 Charing Cross Terrace
640,Leonora,Maestro,3980-1959-10526,+50492058294,00 Loomis Avenue
641,Talyah,Gerritzen,3342-1942-94614,+50497418578,278 Northfield Drive
642,Rozele,Graham,8428-1954-90010,+50498490179,608 Randy Avenue
643,Oliver,Casham,1395-1998-16964,+50493858332,65 Warrior Place
644,Leslie,Fance,8450-1981-71428,+50496099561,117 Calypso Alley
645,Franklyn,Knevet,2435-1996-66500,+50495167451,32 Mallard Terrace
646,Rosanne,Hartzogs,2724-1981-99694,+50490358336,1372 Thackeray Court
647,Husein,Tarquinio,5811-1925-38299,+50493810416,634 International Center
648,Arlen,Battram,1815-2001-69289,+50496770640,7 Kropf Crossing
649,Katerine,Peckham,7643-1998-77508,+50496552881,9439 Morningstar Place
650,Tonie,Maliffe,3007-1992-18588,+50494050649,54 Mayer Alley
651,Rockie,Rosenshine,1266-1992-85204,+50493540222,82711 Kinsman Hill
652,Rawley,Mughal,5306-1936-22771,+50496694836,1038 Northfield Place
653,Sonya,Boggish,6548-1926-16990,+50490816183,26 Havey Pass
654,Lidia,Stowgill,3429-1954-91231,+50497004327,51192 Laurel Pass
655,Winston,Headland,5059-1971-29825,+50492855295,2003 Graedel Street
656,Modesta,Scotchmur,2994-1943-68748,+50495517307,8 Hanover Place
657,Normy,Keaysell,7251-1946-66596,+50495565882,353 Di Loreto Road
658,Redford,O'Corhane,6695-1976-25537,+50499224284,740 Tomscot Alley
659,Daffi,Baiyle,6117-1994-42921,+50494534027,24956 Oakridge Junction
660,Hillard,Ladell,8563-1924-92875,+50493328714,6 Arapahoe Terrace
661,Mariette,Marvin,5194-1975-96630,+50499868925,286 Grayhawk Place
662,Agnese,Sheber,4222-1958-70921,+50498928208,33 Westend Trail
663,Lorettalorna,Rawsthorne,1380-1994-70398,+50499809019,93 Vidon Parkway
664,Adrian,Toal,4534-1986-11268,+50499980626,169 Pleasure Terrace
665,Randi,Creevy,9438-1942-59099,+50490720478,06948 Mallard Parkway
666,Leo,Boot,2775-1926-55215,+50492108290,130 Duke Trail
667,Gabriel,Elmhirst,1508-1999-35397,+50490530704,52 Kedzie Crossing
668,Barton,Lineham,5186-1997-49221,+50492335961,3147 Emmet Parkway
669,Lindon,Braime,1940-1926-52402,+50494055601,00 Mcguire Plaza
670,Afton,Larose,5043-1930-15694,+50497450899,8015 Glendale Crossing
671,Randa,Palumbo,3964-1921-61451,+50493734244,687 Kipling Crossing
672,Tiffie,Raubenheimer,4711-1935-92532,+50499472792,256 Sloan Lane
673,Gabrila,Stein,5860-1947-36811,+50498838209,140 Milwaukee Crossing
674,Michell,Snasdell,8088-1926-66743,+50493694116,60 Namekagon Street
675,Jinny,Fronks,8563-1977-26390,+50492013586,479 Northland Center
676,Holt,Vinas,3371-1993-79151,+50493330744,406 Larry Place
677,Wendy,Burgum,8103-1993-12583,+50492991794,129 Riverside Place
678,Mignon,Benedetti,7272-1981-58092,+50496335475,1083 Dovetail Parkway
679,Jocko,McKinley,2868-1972-59193,+50497053667,276 Vernon Junction
680,Guillaume,Auchinleck,3784-1930-37231,+50494244446,36317 Westridge Lane
681,Ade,Carlin,2090-1959-47039,+50493839430,45 Morrow Circle
682,Alys,Darling,9205-1996-46185,+50494845219,70 Maple Trail
683,Nelie,Duffan,2976-1987-54225,+50496948115,594 Johnson Plaza
684,Pavia,Bawme,7714-1954-17336,+50499148135,2171 8th Alley
685,Jack,Bayns,8889-1963-28761,+50495229228,13 Spaight Road
686,Port,Fendlen,8929-1974-44387,+50492163224,8820 Clarendon Center
687,Dolores,Neissen,6566-1990-72278,+50496354807,12 Tomscot Point
688,Kaiser,Woodley,7467-1930-67115,+50499740566,1592 Cambridge Court
689,Clemmy,Gull,4951-1950-97922,+50498287581,1629 Dunning Park
690,Gardener,Edwardson,1602-1958-29014,+50492121420,2395 Southridge Point
691,Worthy,Pitt,8299-1943-55744,+50495039759,82 Carberry Place
692,Luz,Gierhard,8027-1964-72633,+50493950009,3911 Golden Leaf Point
693,Farly,Sproson,8942-1990-56358,+50496589110,59 Portage Plaza
694,Desmond,Deares,9757-1992-76171,+50493871638,60535 Vernon Circle
695,Colleen,Whisker,5991-1940-90512,+50495147525,71 Packers Crossing
696,Carri,Billinge,8451-1952-90804,+50498601066,091 Annamark Point
697,Lezlie,Crossan,4465-1997-59547,+50497052285,7834 Shopko Terrace
698,Patty,Trotton,9398-1967-83215,+50498145499,35 Marquette Crossing
699,Eyde,Giacomucci,4188-1938-65495,+50499748952,77269 Sommers Plaza
700,Sanderson,Brandrick,3823-2000-24054,+50492845222,87 Rigney Point
701,Brenn,Hryncewicz,5731-1981-95805,+50490521612,009 Southridge Center
702,Alex,Gouldstone,1990-1980-78584,+50490207088,61 Scofield Plaza
703,Jo,Ferran,5194-1978-25078,+50496108153,52646 Jackson Alley
704,Kellina,Rawe,6151-1958-44924,+50498319366,482 Paget Road
705,Iain,Dizlie,2253-1964-27643,+50494734925,0 Lakeland Point
706,Sharyl,Tybalt,5818-1952-85777,+50495812881,5 Wayridge Circle
707,Noby,Cayton,3038-1940-94847,+50492737760,9005 Calypso Junction
708,Flo,Milmoe,8087-2000-80353,+50499353372,0765 Loomis Parkway
709,Kylynn,Bernardinelli,8878-1989-37247,+50498897791,73344 Judy Court
710,Tucker,Dayce,1637-1961-62884,+50498641936,187 Hayes Plaza
711,Jedd,Mixture,1969-1957-23949,+50491913317,24035 Meadow Valley Plaza
712,Nonnah,Hallbird,4988-1951-53366,+50494466117,0543 Roth Terrace
713,Anita,Garnson,9758-1934-43809,+50493626525,1884 Holy Cross Place
714,Kelcy,McNair,1008-1975-69838,+50499613351,37 Stone Corner Trail
715,Lizzy,Fulep,6059-1934-79413,+50492196592,83 Sherman Terrace
716,Reginauld,McIlwain,6030-1984-45906,+50490098134,52537 Hintze Alley
717,Kristel,Champion,4209-1953-27607,+50499942171,88229 7th Park
718,Willa,Dudmarsh,9819-1971-83617,+50499888171,3869 Continental Junction
719,Lenka,Loxton,9314-1938-27849,+50498308687,20364 Calypso Circle
720,Lavena,Barhem,1566-1981-54698,+50490457300,62 Autumn Leaf Crossing
721,Gifford,Butterwick,1420-1986-11431,+50498844299,2 Summerview Point
722,Raimund,Cammish,2948-1985-97105,+50497974341,12 Fairview Lane
723,Leonardo,Abbe,5862-1999-99735,+50495808589,6106 Thierer Street
724,Nissie,Golden,2353-1921-14456,+50496154156,375 Gina Plaza
725,Rolando,Critchley,4308-1958-99466,+50490417771,543 Walton Center
726,Olwen,Lesurf,5320-1943-94327,+50492960306,474 Talmadge Junction
727,Dinnie,Paybody,7859-1940-74221,+50490901847,3 Oak Valley Parkway
728,Jeremiah,Dalrymple,8355-1965-20620,+50490956120,3060 Troy Point
729,Chantal,Albion,1656-1943-91337,+50491830648,73 Boyd Way
730,Lance,Primett,1206-1960-60405,+50490788808,9153 8th Hill
731,Janella,Fealey,5708-1966-30159,+50496990366,038 Coolidge Hill
732,Lionello,Dunne,7794-1966-40480,+50494658174,13 Sugar Junction
733,Vanessa,Dimnage,1290-1953-44086,+50490910135,73 Graedel Drive
734,Thorndike,Van Halen,9738-1931-40078,+50498511413,0235 Morningstar Circle
735,Shelley,Radmer,4459-1963-61041,+50494066064,0575 Cody Drive
736,Isis,Mantha,9294-1949-86197,+50498828372,991 Westport Circle
737,Fannie,Manners,6173-1990-23496,+50490844415,29381 Blackbird Plaza
738,Gothart,Finley,6537-1976-64604,+50495063254,31 Vernon Way
739,Cherianne,Gleed,5349-1929-64124,+50498863844,1981 Coleman Crossing
740,Roddie,Hegden,1449-1978-89340,+50492860667,0 Gulseth Alley
741,Grantley,Cayet,2718-1947-93362,+50493750444,66960 Namekagon Avenue
742,Merle,Roman,3717-1950-87913,+50497453747,325 Valley Edge Junction
743,Tatum,Skones,6901-1995-27296,+50491730384,418 Claremont Lane
744,Clovis,Wadesworth,8045-1935-73701,+50493832312,56 Jenna Center
745,Moise,Adkins,6265-1967-56582,+50498274076,736 Sage Alley
746,Tammi,Cadigan,2644-1939-24281,+50495668166,38 Fulton Crossing
747,Claudina,Buttwell,7578-1961-80567,+50491982044,40 Burning Wood Hill
748,Lindsey,Whales,1663-1988-32508,+50492428042,60365 Susan Crossing
749,Celestine,Paolucci,3725-1962-28329,+50497167894,06465 Debs Street
750,Deana,Binney,4813-1976-68545,+50492309222,43 Pennsylvania Hill
751,Jobie,Trimmell,1143-1921-84234,+50491817923,91 Nelson Alley
752,Farly,Wharmby,5913-1930-76362,+50499351030,362 Bay Circle
753,Minerva,Glowacz,6710-1998-18751,+50499973813,07043 Rusk Way
754,Miof mela,Wermerling,3059-1961-62399,+50493899649,5646 Cody Alley
755,Genni,Jaffra,2294-1936-47415,+50490905454,7 Gulseth Point
756,Guido,Lindroos,4024-2000-92164,+50492065472,2090 Claremont Circle
757,Howard,Sivier,1088-1972-36148,+50492343137,2720 Redwing Park
758,Aharon,Daws,5972-1945-24862,+50498581597,45170 Bayside Court
759,Loretta,How to preserve,5305-1975-19646,+50499524714,905 Mallard Trail
760,Martguerita,Bonsey,2884-1948-88896,+50498856110,5 Nova Parkway
761,Vinny,Palfreeman,6774-1930-81948,+50491604022,7960 5th Park
762,Maurine,Robertet,2153-1934-66346,+50490367550,8 Arapahoe Crossing
763,Scarlett,Arnaldy,3266-1920-41050,+50490270853,077 Scofield Crossing
764,Bessie,Cockrill,7545-1942-35717,+50491506139,5441 Dennis Plaza
765,Connie,Tabbitt,6488-1984-20017,+50493164254,69 Jenifer Lane
766,Abran,Reboul,6076-1978-85690,+50494897888,71 Swallow Pass
767,Marja,Parysowna,8955-1948-86407,+50491940091,46848 Pearson Avenue
768,Meyer,Perillio,2627-2000-56703,+50499357067,162 Stang Way
769,Rosette,Aguirrezabal,6645-1936-86081,+50496125374,0 Annamark Way
770,Maison,Bowie,9878-1930-63671,+50496221975,382 Anhalt Drive
771,Chet,Coronas,6013-2004-17052,+50494281675,32653 Shasta Trail
772,Min,Joisce,2882-1960-10452,+50498105700,724 Sunbrook Road
773,Sharla,Rattenbury,8334-1974-85601,+50492723844,5407 Mockingbird Hill
774,Caralie,Bushrod,6015-1944-52949,+50496014752,1 Farwell Trail
775,Michail,Mayhou,7707-1925-26699,+50491853566,23 Spaight Terrace
776,Berkie,Creasy,9882-1946-10140,+50498209589,30042 Columbus Road
777,Daisi,Dulwitch,3283-1987-82576,+50491256891,09276 Norway Maple Center
778,Theressa,Phillps,7304-1949-78449,+50490264026,1507 Schmedeman Alley
779,Edsel,Tedridge,7486-1942-95538,+50492992905,75 Mesta Road
780,Gottfried,Shooter,8485-1920-21780,+50490554536,1 Havey Street
781,Dunn,Jannasch,5350-1930-82927,+50493323445,1921 Meadow Ridge Circle
782,Tades,Gorioli,6583-1964-79937,+50499041342,82 Grasskamp Drive
783,Harli,Warlton,4320-1964-57230,+50491472837,9 Fulton Hill
784,Ricki,Schimonek,8808-1950-35972,+50499788754,410 Riverside Lane
785,Anjanette,Tennock,7542-1998-40528,+50499971166,79030 Chive Center
786,Larina,Drejer,6680-1928-19709,+50498959639,802 Menomonie Drive
787,Farr,Macak,7047-1929-77004,+50491139303,3 Cody Court
788,Philippe,Gernier,6306-1980-93970,+50494825379,2 School Alley
789,Karlen,Calvie,7215-1943-27436,+50496574746,23 Kingsford Place
790,Morgana,McNiven,8481-1961-71061,+50498290550,179 Veith Junction
791,Willamina,Craker,4760-1966-36222,+50490700512,777 Heath Pass
792,Jannel,Bosket,5319-1978-66914,+50497961066,2 Sommers Hill
793,Toby,Kighly,4666-1966-57020,+50494921837,832 Manley Lane
794,Larissa,Partener,2852-1959-23421,+50496966744,37174 Bunting Place
795,Cilka,McGarvie,6714-1974-59450,+50491385000,7238 New Castle Junction
796,Giordano,Fittall,5619-1968-46086,+50495828846,5737 Springview Court
797,Lonee,Duddle,3072-1942-15936,+50494342009,0 Hansons Circle
798,Nate,Clemente,4598-1973-12111,+50490645307,54 Gina Place
799,Barbabra,Reichelt,2530-1976-89635,+50499529303,763 Rusk Court
800,Christie,Darbyshire,5864-1933-14620,+50497069962,45 David Hill
801,Marvin,Cartman,4681-2000-76448,+50499529267,76087 Gale Crossing
802,Fiann,Rankcom,3174-1964-84052,+50497526209,3960 Dawn Crossing
803,Clarie,Arber,8075-1926-29748,+50492715013,26 Forest Avenue
804,Amara,Rosedale,6110-1982-85176,+50498106614,3 Mifflin Crossing
805,Maximilien,Maskew,5231-2001-85395,+50495364906,82032 Kinsman Lane
806,Garv,Redhole,7773-1955-78534,+50491352868,6 5th Pass
807,Alexi,Valentelli,3085-1986-93226,+50492519663,2774 Division Junction
808,Randie,Greeding,8028-1921-92761,+50498078003,49 Ridge Oak Place
809,Blaine,Pitts,1661-1927-36794,+50491557224,0433 Westend Road
810,Berenice,Napolione,7705-1939-61678,+50494823521,55455 Oak Valley Center
811,Bebe,Boas,4490-1963-56086,+50499507971,30946 Debra Way
812,Gerhard,Mongan,7736-1988-79463,+50491393601,3225 Golden Leaf Point
813,Ripley,Curwen,7731-1989-50473,+50497666462,888 Anthes Center
814,Tamas,Tellett,2765-1971-50801,+50495890250,31214 Lindbergh Hill
815,Hamid,Crookshank,5812-1922-97248,+50498959307,620 Bluestem Alley
816,Simonette,Corser,9258-1943-60015,+50499567643,45 Bunker Hill Center
817,Queenie,Gibby,4683-1976-85230,+50498557593,94508 Marquette Park
818,Maxim,Bruton,2976-1948-68345,+50496878092,242 Lakewood Gardens Alley
819,Shaun,Misken,3593-1924-43470,+50490133463,1797 Pond Place
820,Tybie,Pressnell,1205-1968-26336,+50493971350,03 Luster Plaza
821,Elsey,Tytherton,1420-1969-32924,+50498481559,9616 Meadow Valley Circle
822,Stacy,Bengall,5402-1989-20083,+50494030793,30153 Bellgrove Way
823,Roze,Filewood,3045-1937-45318,+50493958453,5 Magdeline Terrace
824,Cory,McKelloch,8744-1933-41668,+50499867309,795 Redwing Trail
825,Ange,Bark,1004-1953-54257,+50491625302,05105 Summit Hill
826,Myrwyn,Tamblingson,7179-1992-11757,+50497693786,0183 Talmadge Place
827,Leena,Eixenberger,3672-1938-40795,+50493885109,71715 Blackbird Trail
828,Cam,Leveritt,8929-1989-57246,+50497026967,013 Riverside Place
829,Rich,Stoneman,7597-1971-36576,+50498507453,479 Haas Park
830,Ermengarde,Jowle,1243-1991-39301,+50495648154,8501 Garrison Way
831,Abran,MacClenan,9259-1941-25493,+50496443146,79 Chinook Way
832,Lind,Butters,1280-1970-19976,+50493630708,21417 Southridge Hill
833,Candide,Whitehorn,8295-1990-92391,+50491811210,4434 Mallard Pass
834,Chandra,Hunter,4211-1954-12698,+50495791769,97 Texas Pass
835,Arden,Kimblen,8439-1995-91001,+50498707982,68251 Scofield Parkway
836,Des,Hinz,5926-1999-12480,+50497756152,7 Oakridge Place
837,Elnore,Tommasetti,7109-2004-15584,+50497482080,6 Springview Street
838,Wade,Arnison,6196-1960-70050,+50496071814,793 Northwestern Point
839,Adan,Peyzer,5116-1965-84328,+50496330069,75 Luster Pass
840,Wilhelm,Halvosen,3513-1998-33473,+50497733988,512 Lindbergh Street
841,Ree,Duny,7079-1987-72039,+50490174677,67064 Florence Trail
842,Hermine,Gumme,5013-1989-61033,+50498108462,8506 Lakeland Point
843,Modesty,Speerman,2889-1948-94473,+50495547466,5669 Harbort Drive
844,Gianni,de Chastelain,2807-1987-42844,+50497312657,28436 Buhler Alley
845,Sharleen,Reisin,9194-1974-90074,+50497451973,8 Sheridan Parkway
846,Phelia,Fawlks,3657-1930-78047,+50499648274,28191 Melrose Way
847,Cherri,Duckerin,6059-1954-26942,+50490159261,34397 Reinke Pass
848,Simonette,Arnaez,6355-1952-56491,+50498027985,7 Rigney Hill
849,Tabbatha,Stodd,2030-1923-30448,+50493871469,0 Longview Avenue
850,Kaylyn,Lindl,6930-1963-32757,+50493588388,56 Columbus Street
851,Justina,Le Grice,5496-1947-47106,+50493522222,90 Loomis Terrace
852,Melosa,Cadney,2486-1972-80047,+50499809601,1360 Lunder Trail
853,Paten,Liddon,7297-2004-27246,+50493820460,0 Eggendart Alley
854,Gorden,Enion,6501-1958-17944,+50498798963,187 Pine View Alley
855,Dwight,Fellgate,3846-1930-50480,+50497735352,876 Brickson Park Alley
856,Cathe,Gustus,8732-1940-23703,+50493399488,4 Pennsylvania Terrace
857,Darla,Eastgate,2318-1932-28955,+50496676621,28 Eastwood Hill
858,Jo-anne,Sandercock,6152-1959-29147,+50498772071,2847 Mcguire Hill
859,Joella,Scatchar,6709-1973-87833,+50491164417,971 School Parkway
860,Zacherie,Titcombe,3320-1980-79696,+50494974132,454 Express Junction
861,Merla,Bollini,6944-1958-85138,+50493734823,3 Loeprich Avenue
862,Korrie,Veschambre,8083-1976-80265,+50493547687,1 Gale Court
863,Antonie,Zima,8176-1949-39625,+50496709089,725 Gateway Pass
864,Haily,Gerard,2182-1954-28287,+50492985227,49953 Redwing Alley
865,Lyman,Mustchin,7937-1927-85583,+50494699727,38836 Schlimgen Court
866,Ferd,Organ,4114-1998-84596,+50495175736,05282 Tennessee Lane
867,Ilene,Barts,1069-1966-87204,+50491028983,908 Onsgard Pass
868,Marje,Upston,7707-1952-26306,+50493166750,89 Debs Avenue
869,Augy,Tissell,2978-1976-91557,+50497743330,6238 American Crossing
870,Sher,Shuttle,6897-1938-36008,+50491593313,6 Nevada Way
871,Mina,Jevons,4509-1978-78835,+50495550883,883 Dixon Park
872,Corney,Armer,2172-1932-58626,+50491604730,290 Brickson Park Parkway
873,Sanderson,Moens,6487-1932-35592,+50495569601,8 Anthes Park
874,Charin,Bridgens,1601-1977-35327,+50490666537,4666 Trailsway Avenue
875,Coralyn,O'Brogan,2254-1939-97457,+50490149080,0 Cody Lane
876,Brina,Vargas,7684-1971-43818,+50492468716,0 Ridgeway Park
877,Adrien,McDermid,2254-1996-13780,+50497645119,4359 Melby Parkway
878,Cary,Iglesias,3958-1945-41739,+50496610122,0738 Daystar Road
879,Ida,Daintry,3226-1924-17983,+50497520391,69568 Express Road
880,Lanna,Trebble,6435-1993-21696,+50490420852,3 Hansons Junction
881,Clara,Yearns,4336-1939-99815,+50495457332,41 Elmside Terrace
882,Llewellyn,Mines,4985-1992-24404,+50490670421,3256 Hoffman Junction
883,Dannel,Storms,8740-1920-60076,+50490261240,969 Mosinee Trail
884,Nathanil,Freathy,1335-1957-49508,+50497815802,5083 Lerdahl Point
885,Garnette,Khomich,3694-1988-22846,+50497857830,0 Laurel Avenue
886,Archaimbaud,Skeene,1215-1948-86052,+50493704185,6466 Hallows Crossing
887,Ashien,Nornasell,5671-1997-92090,+50493412988,16 Harbort Alley
888,Grange,Carleton,8269-1992-20990,+50495616870,3325 Prairie Rose Alley
889,Gabi,Bartul,4150-1932-33125,+50490714485,06 Browning Lane
890,Stormy,Pelcheur,2846-1945-77786,+50497616189,57585 Stephen Drive
891,Hewet,Peedell,8299-1943-23088,+50497374767,417 Morrow Point
892,Martyn,Allcock,1357-1985-51371,+50494741469,8 Dawn Street
893,Gaile,Nurden,1798-1981-94831,+50491113837,31736 Granby Road
894,Ilka,Blazej,1906-1939-84772,+50497014651,4 Melrose Circle
895,Jefferson,Brevetor,6962-1927-31841,+50496894206,59475 Clove Parkway
896,Liva,Collyear,7242-1977-51145,+50496537872,3077 Havey Junction
897,Irene,Alaway,6877-2002-59373,+50499555201,8346 Chinook Lane
898,Cecilius,Tunney,2185-1983-48154,+50492192527,2010 Sloan Pass
899,Norine,Russan,1661-1990-77589,+50490297892,6121 Fairfield Place
900,Arney,Thibodeaux,9321-1985-22300,+50499423080,89 Summer Ridge Drive
901,Modesty,Ortler,1655-1949-29263,+50499774274,0 Fulton Way
902,Johnette,Sawdon,1996-1970-34564,+50498274027,4 Lerdahl Circle
903,Mollie,Ewles,3390-1945-59930,+50493020343,76 Becker Hill
904,Cherish,Skotcher,1424-1963-47171,+50491113547,78 Esker Junction
905,Gay,Farlamb,4611-1923-26360,+50491200259,880 Barby Road
906,Phil,Phillcock,9553-1970-55384,+50494300538,1112 Donald Plaza
907,Bobina,Goold,7116-1991-13203,+50499058005,64088 Kinsman Junction
908,Itch,Huske,6322-1931-62674,+50499628172,3656 Moose Terrace
909,Sallee,Lindenbaum,3736-1923-74191,+50493050218,4 Atwood Point
910,Steffie,Wasiela,8682-1940-71497,+50497552848,4652 Holy Cross Street
911,Field,Gouly,3128-1925-95179,+50492251656,2 Sloan Trail
912,Goldie,Dowzell,7794-1921-69259,+50498983453,538 Merchant Junction
913,Malchy,Kettlesing,1440-1975-21479,+50497619818,60833 Scofield Terrace
914,Franciskus,Schulkins,9591-1961-25255,+50495512219,952 Anderson Crossing
915,Waneta,Brittan,4429-1948-79709,+50491032996,49 Fordem Way
916,Corina,Rabley,8796-1928-29034,+50499763691,03415 Corry Parkway
917,Randolf,Baulcombe,8879-1923-31706,+50498926673,54 Comanche Place
918,Vinny,Brum,5498-1991-25090,+50494222294,4142 Cardinal Junction
919,Mirna,Spittle,9646-1984-53404,+50492443964,80 Porter Terrace
920,Kristian,Hatliff,5117-1966-58370,+50494164752,9 West Way
921,Doll,Orbell,1057-1928-29253,+50499242426,2768 Mcguire Alley
922,Sunny,La Rosa,7910-1985-89736,+50492662562,47041 Monterey Lane
923,Juditha,Victor,2138-1982-78635,+50493579880,07709 5th Street
924,Herman,Zecchinii,9334-1996-74589,+50495983615,3 Di Loreto Crossing
925,Lizzie,Paget,5527-1947-90837,+50495715026,455 Shasta Way
926,Rycca,Cracie,5909-1954-54078,+50493309842,1520 Doe Crossing Alley
927,Muire,Whichelow,7959-1974-91168,+50495787753,95 Dayton Circle
928,Dorry,Couper,6879-1927-94308,+50490116984,894 Moose Way
929,Nadine,Pinnell,6282-1993-17418,+50494276497,34961 Rockefeller Drive
930,Stanislas,Loughlan,9931-1960-51460,+50490033662,518 Lotheville Circle
931,Marj,De Cleyne,1040-1978-43466,+50492157287,76471 Lyons Center
932,Conway,Roullier,2953-1977-82666,+50494737468,160 Shelley Drive
933,Marie-ann,Alcorn,8782-1937-79173,+50496690613,38 Crescent Oaks Crossing
934,Emlen,Pavkovic,1710-1925-70740,+50498498901,41461 Northfield Parkway
935,Silva,Stocks,8303-1987-56679,+50490756002,2505 Morning Trail
936,Marcello,Heditch,6178-1993-91108,+50495877309,2913 Bunting Crossing
937,Ede,Espadater,6677-1981-35751,+50492545025,83092 Iowa Way
938,Ilse,Bourtoumieux,5996-1990-22940,+50491907381,63389 Schmedeman Junction
939,Emlynn,Halvorsen,2615-1991-79913,+50497670385,14 Grasskamp Park
940,Rafaello,Tarbert,6782-1932-86674,+50495926574,08577 Starling Center
941,Tressa,Hartman,2286-1962-42895,+50493732452,956 Melrose Terrace
942,Junia,Daville,2679-1977-72811,+50493009318,207 Lerdahl Way
943,Lavena,Dunrige,9502-1956-54778,+50496504303,821 Annamark Road
944,Forest,Whewell,6829-1957-35831,+50491320132,32 Dottie Street
945,Sena,Goodred,5535-1984-54637,+50497445322,30 Buena Vista Circle
946,Odessa,Gartery,8007-1978-73294,+50496463987,42 Randy Pass
947,Elena,Mingauld,9083-1987-21387,+50492590143,31644 Nova Center
948,Koral,Meier,7340-1972-55365,+50494229313,15 Cascade Point
949,Florence,Clemow,6195-2001-19936,+50498168681,19272 Huxley Alley
950,Bernadina,Cundy,8035-1987-98920,+50495666709,1 Butterfield Avenue
951,Judith,Downgate,1752-1935-99495,+50492676827,804 Kinsman Hill
952,Valeria,Chauvey,1455-1994-12653,+50497749387,6 Colorado Drive
953,Dougy,Lawry,4622-1956-27676,+50490609683,08 Kedzie Circle
954,Lacy,Swinley,4834-1996-75476,+50498527442,8 Roth Point
955,Gawen,Edington,8701-1954-48477,+50492032141,38712 Twin Pines Trail
956,Aurora,Eland,3079-2000-79292,+50491340181,10898 Mosinee Crossing
957,Sandor,Mackin,2044-1934-60401,+50494957276,6 Ilene Crossing
958,Brenna,O'Growgane,8360-1945-13119,+50499473724,5373 Carioca Trail
959,Marlyn,Shower,8909-2001-67243,+50492485357,65275 Oxford Park
960,Pablo,Velareal,6882-2002-72546,+50492169575,4 Schiller Avenue
961,Zebulon,Gawkes,5343-1984-35510,+50491979559,0497 Marcy Junction
962,Kaleb,Sterte,3611-1966-68265,+50493773983,7 Orin Avenue
963,Shayla,Giacomini,6607-1975-28212,+50496140765,9 Warner Center
964,Lusa,Bolte,2652-2001-98930,+50492084693,4848 Hanover Street
965,Betsey,Pudding,6760-1936-98381,+50496749042,43 Village Plaza
966,Ches,Lofthouse,7835-1980-79673,+50498620002,8 Vernon Parkway
967,Ethelbert,Skelton,6388-1962-41816,+50498906833,5089 Pawling Parkway
968,Joice,Eich,6729-1962-22289,+50493796104,598 Ludington Hill
969,Nanni,Gallehawk,9109-1985-45929,+50490499871,117 Stuart Court
970,Rochell,Dabinett,5986-1960-42597,+50491570498,97 Linden Way
971,Sherie,Fowlie,8545-1950-94825,+50493680290,84959 Cordelia Center
972,Priscilla,Acheson,4175-1936-84411,+50490000597,3 Northland Place
973,Emilee,Priditt,6814-1994-16287,+50493831877,70212 Transport Road
974,Maurice,Letchford,3374-1968-95921,+50496900386,657 Mifflin Avenue
975,Marleen,Gerring,9346-1934-48929,+50496684278,945 Stang Parkway
976,Mireielle,Scamwell,2527-1971-80482,+50495316206,65104 Sachs Way
977,Ailene,Shitliff,2175-1949-89010,+50491306136,91 Petterle Center
978,Kaja,Hame,8455-1923-39706,+50499660855,77 Muir Trail
979,Augie,Eyam,7662-1970-18935,+50492125463,769 Namekagon Parkway
980,Storm,Weildish,2172-1966-60309,+50497961534,185 Packers Circle
981,Camilla,Shadfourth,3922-1999-66785,+50497498144,3314 Main Drive
982,Abagael,Morde,5466-1990-56975,+50495570315,1 Anzinger Avenue
983,Lenore,Sinnocke,5639-2004-23387,+50497635662,250 Sutteridge Hill
984,Cami,O'Rafferty,1994-1940-34121,+50495503934,341 Cambridge Circle
985,Christophorus,Toretta,2136-2002-57785,+50491907818,01 Golf View Junction
986,Giacobo,Beevis,1495-1971-92406,+50493065264,83 Mandrake Street
987,Deny,Bathoe,5250-1929-15225,+50497489500,74513 Westridge Lane
988,Olga,Shears,2241-1992-95742,+50494830844,9256 Moland Place
989,Rudy,Massimi,8737-1922-17592,+50492452566,1734 Buena Vista Court
990,Caril,Glencros,6623-1983-23783,+50490535404,0 Chinook Parkway
991,Merralee,Martschke,4163-1946-15359,+50490761336,66042 Dottie Drive
992,Flin,Tomsen,7420-1984-60331,+50491094706,4464 Onsgard Place
993,Leland,Zannutti,2425-1975-75882,+50497641917,9260 Rusk Park
994,Leola,Plackstone,9966-2001-74355,+50492796722,6937 Caliangt Plaza
995,Urson,Terram,4970-1931-84819,+50497689992,67 Ruskin Lane
996,Gwenora,MacTeague,2541-1986-22986,+50493783708,50976 Porter Lane
997,Barnaby,Chestnutt,1771-1954-35496,+50494641863,25 Mandrake Way
998,Hestia,Ferrettino,3510-1984-36338,+50492820848,125 Waywood Parkway
999,Sandie,Mouat,7945-1934-85978,+50492543152,262 Gale Parkway
1000,Antoinette,Polson,9503-1987-87608,+50495545043,090 Mcguire Junction
